"Player Details","","","","","","Receiving","","","","","","","","","","","","","","FPTS","","",""
"Rank","Name","Team","POS","G","Season","TGT","TGT %","REC","YDS","TM YDS %","YPR","YPT","RecYDS/G","CR %","TD","TM TD %","i10","i20 TGT","FUM","FP/G","FP","PPR","NON-PPR"
"1","Jaxon Smith-Njigba","SEA","WR","17","2025","157","32.6","119","1793","44.1","15.07","11.42","105.5","75.8","10","40.0","7","17","3","21.2","360.9","360.9","241.9"
"2","Puka Nacua","LA","WR","16","2025","163","28.8","129","1715","37.9","13.29","10.52","107.2","79.1","10","24.4","10","17","1","23.5","376.0","376.0","247.0"
"3","George Pickens","DAL","WR","17","2025","131","21.0","93","1429","30.2","15.37","10.91","84.1","71.0","9","29.0","10","23","4","17.2","291.9","291.9","198.9"
"4","Ja'Marr Chase","CIN","WR","16","2025","182","30.2","125","1412","34.9","11.30","7.76","88.3","68.7","8","22.9","8","22","1","19.7","314.6","314.6","189.6"
"5","Amon-Ra St. Brown","DET","WR","17","2025","166","28.5","117","1401","30.7","11.97","8.44","82.4","70.5","11","31.4","19","33","1","19.1","324.0","324.0","207.0"
"6","Trey McBride","ARZ","TE","17","2025","165","25.4","126","1239","28.5","9.83","7.51","72.9","76.4","11","37.9","11","32","0","18.6","315.9","315.9","189.9"
"7","Zay Flowers","BLT","WR","17","2025","117","27.7","86","1211","36.9","14.08","10.35","71.2","73.5","5","21.7","5","11","3","14.5","246.3","246.3","160.3"
"8","Chris Olave","NO","WR","16","2025","151","27.2","100","1163","30.9","11.63","7.70","72.7","66.2","9","50.0","3","14","0","16.8","269.0","269.0","169.0"
"9","Jameson Williams","DET","WR","17","2025","99","17.0","65","1117","24.5","17.18","11.28","65.7","65.7","7","20.0","4","9","0","12.9","219.9","219.9","154.9"
"10","Nico Collins","HST","WR","15","2025","118","23.1","71","1117","32.5","15.73","9.47","74.5","60.2","6","28.6","8","16","1","15.1","227.2","227.2","156.2"
"11","CeeDee Lamb","DAL","WR","14","2025","113","21.7","75","1077","27.5","14.36","9.53","76.9","66.4","3","14.3","6","16","0","14.4","200.9","200.9","125.9"
"12","Justin Jefferson","MIN","WR","17","2025","138","28.5","84","1048","32.7","12.48","7.59","61.6","60.9","2","11.1","10","18","0","11.9","201.5","201.5","117.5"
"13","Courtland Sutton","DEN","WR","17","2025","120","19.6","74","1017","25.9","13.74","8.48","59.8","61.7","7","28.0","5","17","0","12.9","219.7","219.7","145.7"
"14","Tetairoa McMillan","CAR","WR","17","2025","119","23.1","70","1014","30.7","14.49","8.52","59.6","58.8","7","29.2","6","15","1","12.5","212.4","212.4","142.4"
"15","Wan'Dale Robinson","NYG","WR","16","2025","132","26.8","92","1014","29.2","11.02","7.68","63.4","69.7","4","21.1","4","12","1","13.6","217.9","217.9","125.9"
"16","Stefon Diggs","NE","WR","17","2025","100","19.9","85","1013","22.7","11.92","10.13","59.6","85.0","4","12.9","7","12","0","12.4","210.3","210.3","125.3"
"17","DeVonta Smith","PHI","WR","17","2025","113","22.7","77","1008","28.8","13.09","8.92","59.3","68.1","4","15.4","3","10","0","11.9","201.8","201.8","124.8"
"18","Michael Wilson","ARZ","WR","17","2025","124","19.1","78","1006","23.1","12.90","8.11","59.2","62.9","7","24.1","4","15","0","13.0","220.6","220.6","142.6"
"19","A.J. Brown","PHI","WR","15","2025","120","27.5","78","1003","32.6","12.86","8.36","66.9","65.0","7","33.3","5","13","0","14.7","220.3","220.3","142.3"
"20","Alec Pierce","IND","WR","15","2025","84","17.4","47","1003","27.8","21.34","11.94","66.9","56.0","6","27.3","4","9","0","12.2","183.3","183.3","136.3"
"21","Emeka Egbuka","TB","WR","17","2025","127","22.8","63","938","25.0","14.89","7.39","55.2","49.6","6","23.1","4","14","0","11.5","195.7","195.7","132.7"
"22","Kyle Pitts","ATL","TE","17","2025","116","21.3","88","928","25.1","10.55","8.00","54.6","75.9","5","26.3","6","12","0","12.4","210.8","210.8","122.8"
"23","Drake London","ATL","WR","12","2025","108","28.1","68","919","35.9","13.51","8.51","76.6","63.0","7","53.8","8","14","1","16.9","202.9","202.9","134.9"
"24","Jaylen Waddle","MIA","WR","16","2025","98","21.6","64","910","28.6","14.22","9.29","56.9","65.3","6","27.3","4","10","1","12.1","194.1","194.1","130.1"
"25","Juwan Johnson","NO","TE","17","2025","100","16.9","77","889","22.1","11.55","8.89","52.3","77.0","3","15.8","0","7","2","10.7","181.9","181.9","104.9"
"26","Travis Kelce","KC","TE","17","2025","105","18.0","76","851","21.6","11.20","8.10","50.1","72.4","5","21.7","7","12","1","11.4","193.2","193.2","117.2"
"27","DK Metcalf","PIT","WR","15","2025","98","21.1","59","850","26.8","14.41","8.67","56.7","60.2","6","24.0","7","13","0","12.5","187.2","187.2","128.2"
"28","Parker Washington","JAX","WR","16","2025","90","16.9","58","847","22.4","14.60","9.41","52.9","64.4","5","18.5","4","12","0","10.8","172.7","172.7","114.7"
"29","Tee Higgins","CIN","WR","15","2025","95","17.1","59","846","22.5","14.34","8.91","56.4","62.1","11","32.4","6","14","0","14.1","211.6","211.6","152.6"
"30","Jakobi Meyers","JAX, LV","WR","16","2025","105","21.2","75","835","21.9","11.13","7.95","52.2","71.4","3","9.7","5","13","1","11.1","176.8","176.8","101.8"
"31","Tyler Warren","IND","TE","17","2025","106","19.4","76","817","20.0","10.75","7.71","48.1","71.7","4","16.0","9","18","0","11.1","188.5","188.5","112.5"
"32","Davante Adams","LA","WR","14","2025","111","23.6","60","789","21.2","13.15","7.11","56.4","54.1","14","37.8","23","32","0","15.9","222.9","222.9","162.9"
"33","Ladd McConkey","LAC","WR","16","2025","104","19.8","66","789","20.7","11.95","7.59","49.3","63.5","6","23.1","6","15","0","11.3","180.9","180.9","114.9"
"34","Michael Pittman","IND","WR","17","2025","108","19.7","80","784","19.2","9.80","7.26","46.1","74.1","7","28.0","8","13","0","11.9","202.4","202.4","122.4"
"35","Keenan Allen","LAC","WR","17","2025","118","20.7","81","777","19.7","9.59","6.58","45.7","68.6","4","15.4","6","15","2","10.7","182.7","182.7","101.7"
"36","Dalton Schultz","HST","TE","17","2025","103","17.7","82","777","19.6","9.48","7.54","45.7","79.6","3","12.5","5","9","1","10.5","177.7","177.7","95.7"
"37","Hunter Henry","NE","TE","17","2025","84","16.7","60","768","17.2","12.80","9.14","45.2","71.4","7","22.6","9","21","0","10.5","178.8","178.8","118.8"
"38","Quentin Johnston","LAC","WR","14","2025","79","17.2","51","735","22.0","14.41","9.30","52.5","64.6","8","34.8","7","14","1","12.3","172.2","172.2","121.2"
"39","Harold Fannin","CLV","TE","16","2025","104","19.4","72","731","24.0","10.15","7.03","45.7","69.2","6","37.5","3","10","0","11.7","187.4","187.4","115.4"
"40","Deebo Samuel","WAS","WR","16","2025","98","22.4","72","727","23.4","10.10","7.42","45.4","73.5","5","27.8","7","12","1","11.8","188.2","188.2","116.2"
"41","Romeo Doubs","GB","WR","16","2025","84","17.6","55","724","19.0","13.16","8.62","45.3","65.5","6","23.1","8","17","1","10.3","165.4","165.4","110.4"
"42","Khalil Shakir","BUF","WR","16","2025","91","19.5","72","719","19.3","9.99","7.90","44.9","79.1","4","16.0","4","12","1","10.5","167.4","167.4","95.4"
"43","Colston Loveland","CHI","TE","16","2025","80","14.9","58","713","18.9","12.29","8.91","44.6","72.5","6","22.2","5","13","0","10.3","165.1","165.1","107.1"
"44","Troy Franklin","DEN","WR","17","2025","102","16.6","65","709","18.0","10.91","6.95","41.7","63.7","6","24.0","8","18","1","10.5","178.1","178.1","113.1"
"45","Brian Thomas","JAX","WR","14","2025","88","18.0","48","707","20.4","14.73","8.03","50.5","54.5","2","8.3","5","7","0","9.9","138.8","138.8","90.8"
"46","Tre Tucker","LV","WR","17","2025","90","17.5","57","696","21.0","12.21","7.73","40.9","63.3","5","25.0","4","9","0","9.5","161.7","161.7","104.7"
"47","Rashid Shaheed","SEA, NO","WR","18","2025","89","15.5","59","687","17.7","11.64","7.72","38.2","66.3","2","11.1","2","9","1","8.1","145.6","145.6","86.6"
"48","DJ Moore","CHI","WR","17","2025","82","14.3","50","682","17.1","13.64","8.32","40.1","61.0","6","21.4","6","10","1","10.1","171.2","171.2","121.2"
"49","Brock Bowers","LV","TE","12","2025","83","21.7","64","680","26.8","10.63","8.19","56.7","77.1","7","38.9","9","17","0","14.7","176.2","176.2","112.2"
"50","Oronde Gadsden","LAC","TE","15","2025","68","13.4","49","664","19.6","13.55","9.76","44.3","72.1","3","14.3","5","15","1","8.8","132.4","132.4","83.4"
"51","Rome Odunze","CHI","WR","12","2025","88","21.9","44","661","23.9","15.02","7.51","55.1","50.0","6","33.3","5","11","0","12.2","146.1","146.1","102.1"
"52","Luther Burden","CHI","WR","15","2025","60","11.9","47","652","19.0","13.87","10.87","43.5","78.3","2","9.1","0","4","0","8.5","127.9","127.9","80.9"
"53","Jauan Jennings","SF","WR","15","2025","86","17.8","55","643","17.4","11.69","7.48","42.9","64.0","9","30.0","6","17","1","11.6","174.3","174.3","119.3"
"54","George Kittle","SF","TE","11","2025","67","20.0","57","628","25.6","11.02","9.37","57.1","85.1","7","31.8","5","13","0","14.7","161.5","161.5","104.5"
"55","Christian Watson","GB","WR","10","2025","55","18.2","35","611","25.7","17.46","11.11","61.1","63.6","6","37.5","4","6","0","13.2","132.4","132.4","97.4"
"56","Jordan Addison","MIN","WR","14","2025","73","17.4","42","610","22.6","14.52","8.36","43.6","57.5","3","21.4","4","11","0","9.7","135.1","135.1","93.1"
"57","Marvin Harrison","ARZ","WR","12","2025","73","17.1","41","608","21.7","14.83","8.33","50.7","56.2","4","21.1","5","10","0","10.7","127.8","127.8","86.8"
"58","Jerry Jeudy","CLV","WR","17","2025","104","18.6","50","602","19.1","12.04","5.79","35.4","48.1","2","12.5","2","8","1","7.2","121.7","121.7","71.7"
"59","Jake Ferguson","DAL","TE","17","2025","100","16.0","82","600","12.7","7.32","6.00","35.3","82.0","8","25.8","13","24","3","11.2","190.1","190.1","108.1"
"60","Cooper Kupp","SEA","WR","16","2025","68","14.9","47","593","15.9","12.62","8.72","37.1","69.1","2","9.5","4","12","1","7.4","118.3","118.3","71.3"
"61","Dallas Goedert","PHI","TE","15","2025","80","18.4","60","591","18.7","9.85","7.39","39.4","75.0","11","44.0","9","15","0","12.3","185.1","185.1","125.1"
"62","Marquise Brown","KC","WR","16","2025","72","13.1","49","587","15.7","11.98","8.15","36.7","68.1","5","21.7","7","9","1","8.6","137.7","137.7","88.7"
"63","Terry McLaurin","WAS","WR","10","2025","58","20.4","38","582","30.1","15.32","10.03","58.2","65.5","3","33.3","3","7","0","11.4","114.2","114.2","76.2"
"64","Cade Otton","TB","TE","16","2025","80","15.3","59","572","16.4","9.69","7.15","35.8","73.8","1","4.2","2","6","0","7.6","122.2","122.2","63.2"
"65","Rashee Rice","KC","WR","8","2025","77","26.2","53","571","27.3","10.77","7.42","71.4","68.8","5","45.5","13","17","1","18.8","150.1","150.1","97.1"
"66","Dalton Kincaid","BUF","TE","12","2025","49","14.1","39","571","20.1","14.64","11.65","47.6","79.6","5","21.7","4","8","1","10.5","126.1","126.1","87.1"
"67","Josh Downs","IND","WR","16","2025","84","16.4","58","566","14.9","9.76","6.74","35.4","69.0","4","17.4","4","14","0","8.7","138.4","138.4","80.4"
"68","Chig Okonkwo","TEN","TE","17","2025","78","13.7","56","560","17.3","10.00","7.18","32.9","71.8","2","13.3","3","5","0","7.3","124.0","124.0","68.0"
"69","Kayshon Boutte","NE","WR","14","2025","45","10.9","33","551","15.2","16.70","12.24","39.4","73.3","6","26.1","1","3","0","8.9","124.1","124.1","91.1"
"70","Kendrick Bourne","SF","WR","16","2025","52","9.6","37","551","13.6","14.89","10.60","34.4","71.2","0","0.0","1","2","0","5.8","92.1","92.1","55.1"
"71","Mack Hollins","NE","WR","15","2025","65","14.3","46","550","13.9","11.96","8.46","36.7","70.8","2","8.0","3","5","1","7.6","113.4","113.4","67.4"
"72","Brenton Strange","JAX","TE","12","2025","59","15.0","46","540","18.4","11.74","9.15","45.0","78.0","3","12.5","3","10","0","9.8","118.0","118.0","72.0"
"73","Darius Slayton","NYG","WR","14","2025","61","13.9","37","538","17.8","14.54","8.82","38.4","60.7","1","5.9","4","5","1","7.1","99.8","99.8","62.8"
"74","Xavier Worthy","KC","WR","14","2025","72","14.8","42","532","15.7","12.67","7.39","38.0","58.3","1","4.8","2","6","0","7.9","109.9","109.9","67.9"
"75","Ricky Pearsall","SF","WR","9","2025","53","17.4","36","528","22.9","14.67","9.96","58.7","67.9","0","0.0","2","4","0","9.8","88.6","88.6","52.6"
"76","Theo Johnson","NYG","TE","15","2025","73","15.8","45","528","16.2","11.73","7.23","35.2","61.6","5","26.3","5","13","0","8.5","127.8","127.8","82.8"
"77","Jayden Higgins","HST","WR","17","2025","68","11.7","41","525","13.3","12.80","7.72","30.9","60.3","6","25.0","3","8","0","7.6","129.5","129.5","88.5"
"78","AJ Barner","SEA","TE","17","2025","64","13.3","52","519","12.8","9.98","8.11","30.5","81.3","6","24.0","6","13","2","8.7","147.3","147.3","95.3"
"79","Elic Ayomanor","TEN","WR","16","2025","86","16.3","41","515","17.3","12.56","5.99","32.2","47.7","4","28.6","6","8","0","7.3","116.5","116.5","75.5"
"80","Zach Ertz","WAS","TE","13","2025","71","18.6","50","504","19.0","10.08","7.10","38.8","70.4","4","23.5","5","8","1","9.7","126.4","126.4","76.4"
"81","Tucker Kraft","GB","TE","8","2025","42","16.8","32","489","23.6","15.28","11.64","61.1","76.2","6","46.2","3","11","0","14.7","117.2","117.2","85.2"
"82","Sam LaPorta","DET","TE","9","2025","49","17.8","40","489","21.8","12.23","9.98","54.3","81.6","3","14.3","3","6","0","11.9","106.9","106.9","66.9"
"83","Pat Freiermuth","PIT","TE","17","2025","53","9.6","41","486","13.4","11.85","9.17","28.6","77.4","4","15.4","4","8","0","6.7","113.6","113.6","72.6"
"84","Ryan Flournoy","DAL","WR","15","2025","54","9.8","40","475","11.2","11.88","8.80","31.7","74.1","4","13.8","5","7","0","7.6","114.0","114.0","74.0"
"85","Evan Engram","DEN","TE","16","2025","74","12.6","50","461","12.2","9.22","6.23","28.8","67.6","1","4.2","0","10","0","6.4","102.8","102.8","52.8"
"86","Adonai Mitchell","IND, NYJ","WR","16","2025","73","14.2","33","453","13.1","13.73","6.21","28.3","45.2","2","11.8","2","8","1","5.6","88.9","88.9","55.9"
"87","DeMario Douglas","NE","WR","17","2025","44","8.8","31","447","10.0","14.42","10.16","26.3","70.5","3","9.7","4","6","0","5.6","95.8","95.8","64.8"
"88","Jalen Nailor","MIN","WR","17","2025","50","10.3","29","444","13.8","15.31","8.88","26.1","58.0","4","22.2","6","11","0","5.9","100.7","100.7","71.7"
"89","Darnell Mooney","ATL","WR","15","2025","71","15.1","32","443","14.0","13.84","6.24","29.5","45.1","1","5.9","3","8","2","5.5","82.3","82.3","50.3"
"90","T.J. Hockenson","MIN","TE","15","2025","66","15.1","51","438","15.0","8.59","6.64","29.2","77.3","3","16.7","3","11","0","7.5","112.8","112.8","61.8"
"91","Tyquan Thornton","KC","WR","14","2025","36","7.1","19","438","12.1","23.05","12.17","31.3","52.8","3","13.6","1","3","0","5.8","80.8","80.8","61.8"
"92","Andrei Iosivas","CIN","WR","17","2025","58","9.1","33","435","10.2","13.18","7.50","25.6","56.9","2","5.6","4","7","0","5.3","89.9","89.9","56.9"
"93","Xavier Hutchinson","HST","WR","17","2025","56","9.6","35","428","10.8","12.23","7.64","25.2","62.5","3","12.5","4","7","0","5.8","98.0","98.0","63.0"
"94","Chimere Dike","TEN","WR","17","2025","72","12.6","48","423","13.1","8.81","5.88","24.9","66.7","4","26.7","5","14","0","6.8","116.1","116.1","68.1"
"95","Mark Andrews","BLT","TE","17","2025","67","15.9","48","422","12.9","8.79","6.30","24.8","71.6","5","21.7","9","14","1","7.7","131.0","131.0","83.0"
"96","Dawson Knox","BUF","TE","17","2025","48","9.7","36","417","10.5","11.58","8.69","24.5","75.0","4","13.8","7","12","0","6.1","103.7","103.7","67.7"
"97","Colby Parkinson","LA","TE","15","2025","55","10.2","43","408","9.6","9.49","7.42","27.2","78.2","8","18.6","9","21","1","8.7","130.8","130.8","87.8"
"98","Keon Coleman","BUF","WR","13","2025","58","15.4","38","404","13.4","10.63","6.97","31.1","65.5","4","15.4","6","8","1","8.0","103.4","103.4","65.4"
"99","KaVontae Turpin","DAL","WR","15","2025","38","6.8","26","396","9.3","15.23","10.42","26.4","68.4","2","8.3","2","5","0","5.7","85.5","85.5","59.5"
"100","Garrett Wilson","NYJ","WR","7","2025","55","30.4","36","395","35.7","10.97","7.18","56.4","65.5","4","50.0","1","4","1","14.2","99.5","99.5","63.5"
"101","Jalen Coker","CAR","WR","11","2025","41","13.2","33","394","18.8","11.94","9.61","35.8","80.5","3","23.1","2","3","1","8.3","91.4","91.4","58.4"
"102","Pat Bryant","DEN","WR","15","2025","47","8.7","31","378","11.0","12.19","8.04","25.2","66.0","1","5.0","3","7","0","5.0","74.8","74.8","43.8"
"103","Calvin Austin","PIT","WR","14","2025","54","12.1","31","372","12.5","12.00","6.89","26.6","57.4","3","15.0","1","4","0","6.2","86.2","86.2","55.2"
"104","Sterling Shepard","TB","WR","13","2025","53","12.3","39","371","13.3","9.51","7.00","28.5","73.6","1","5.0","2","7","1","6.4","83.0","83.0","44.0"
"105","Mason Taylor","NYJ","TE","13","2025","63","17.0","44","369","16.7","8.39","5.86","28.4","69.8","1","7.7","3","8","0","6.8","88.9","88.9","44.9"
"106","Mike Evans","TB","WR","8","2025","59","21.5","30","368","20.3","12.27","6.24","46.0","50.8","3","23.1","5","9","0","10.6","84.8","84.8","54.8"
"107","Darnell Washington","PIT","TE","16","2025","43","8.5","31","364","10.9","11.74","8.47","22.8","72.1","1","4.0","4","8","2","4.7","74.4","74.4","43.4"
"108","Xavier Legette","CAR","WR","15","2025","61","13.4","35","363","12.2","10.37","5.95","24.2","57.4","3","13.6","2","11","1","6.0","89.3","89.3","54.3"
"109","Matthew Golden","GB","WR","14","2025","42","10.5","29","361","11.0","12.45","8.60","25.8","69.0","0","0.0","0","2","0","5.0","70.0","70.0","41.0"
"110","Chris Godwin","TB","WR","9","2025","48","16.5","33","360","17.5","10.91","7.50","40.0","68.8","2","15.4","5","6","0","9.2","83.0","83.0","50.0"
"111","Gunnar Helm","TEN","TE","16","2025","54","10.1","44","357","11.5","8.11","6.61","22.3","81.5","2","13.3","3","8","0","5.7","91.7","91.7","47.7"
"112","Van Jefferson","TEN","WR","16","2025","50","9.3","29","350","11.2","12.07","7.00","21.9","58.0","1","6.7","1","3","0","4.4","70.0","70.0","41.0"
"113","Cole Kmet","CHI","TE","16","2025","45","8.4","30","347","9.4","11.57","7.71","21.7","66.7","2","7.1","2","5","0","4.9","78.7","78.7","48.7"
"114","JuJu Smith-Schuster","KC","WR","17","2025","42","7.2","33","345","8.7","10.45","8.21","20.3","78.6","1","4.3","3","8","0","4.3","73.5","73.5","40.5"
"115","Isaiah Bond","CLV","WR","16","2025","41","7.8","18","338","11.3","18.78","8.24","21.1","43.9","0","0.0","2","3","0","3.4","54.7","54.7","36.7"
"116","Greg Dulcich","MIA","TE","10","2025","31","12.1","26","335","17.5","12.88","10.81","33.5","83.9","1","8.3","2","5","1","6.4","63.8","63.8","37.8"
"117","Dontayvion Wicks","GB","WR","14","2025","44","10.9","30","332","10.4","11.07","7.55","23.7","68.2","2","8.7","1","4","0","5.4","75.8","75.8","45.8"
"118","DeAndre Hopkins","BLT","WR","17","2025","35","8.3","22","330","10.1","15.00","9.43","19.4","62.9","2","8.7","0","2","0","3.9","67.0","67.0","45.0"
"119","Michael Mayer","LV","TE","13","2025","49","12.2","35","328","12.7","9.37","6.69","25.2","71.4","1","7.1","3","6","1","5.7","73.8","73.8","38.8"
"120","Tre Harris","LAC","WR","17","2025","42","7.4","30","324","8.2","10.80","7.71","19.1","71.4","1","3.8","1","5","0","4.1","69.4","69.4","39.4"
"121","Marvin Mims","DEN","WR","15","2025","51","9.3","37","322","8.9","8.70","6.31","21.5","72.5","1","4.5","1","3","0","5.9","89.0","89.0","52.0"
"122","Tez Johnson","TB","WR","16","2025","42","8.1","28","322","9.1","11.50","7.67","20.1","66.7","5","20.8","1","7","0","5.8","92.4","92.4","64.4"
"123","Malik Washington","MIA","WR","17","2025","62","12.9","46","317","9.5","6.89","5.11","18.6","74.2","3","13.0","7","11","0","6.6","111.7","111.7","65.7"
"124","Olamide Zaccheaus","CHI","WR","16","2025","62","11.7","39","313","8.5","8.03","5.05","19.6","62.9","2","7.7","3","12","0","5.3","84.8","84.8","45.8"
"125","Isaiah Likely","BLT","TE","14","2025","36","10.4","27","307","12.0","11.37","8.53","21.9","75.0","1","7.1","2","6","2","4.5","62.7","62.7","35.7"
"126","Mike Gesicki","CIN","TE","13","2025","42","8.9","28","307","10.2","10.96","7.31","23.6","66.7","2","7.7","4","7","0","5.4","70.7","70.7","42.7"
"127","Josh Palmer","BUF","WR","12","2025","37","10.4","22","303","10.7","13.77","8.19","25.3","59.5","0","0.0","2","6","0","4.4","52.3","52.3","30.3"
"128","Calvin Ridley","TEN","WR","7","2025","34","14.2","17","303","23.4","17.82","8.91","43.3","50.0","0","0.0","1","1","0","6.8","47.3","47.3","30.3"
"129","Xavier Smith","LA","WR","16","2025","23","4.1","18","303","6.8","16.83","13.17","18.9","78.3","0","0.0","0","3","0","3.0","48.3","48.3","30.3"
"130","Elijah Higgins","ARZ","TE","17","2025","35","5.4","30","301","6.9","10.03","8.60","17.7","85.7","0","0.0","1","3","1","3.5","59.1","59.1","29.1"
"131","Travis Hunter","JAX","WR","7","2025","44","17.0","28","298","18.4","10.64","6.77","42.6","63.6","1","11.1","2","5","1","9.1","63.8","63.8","35.8"
"132","Jake Tonges","SF","TE","16","2025","45","8.2","34","293","7.0","8.62","6.51","18.3","75.6","5","15.2","5","7","0","5.8","93.3","93.3","59.3"
"133","Devaughn Vele","NO","WR","13","2025","36","8.2","25","293","10.2","11.72","8.14","22.5","69.4","2","15.4","2","3","0","5.1","66.3","66.3","41.3"
"134","David Njoku","CLV","TE","12","2025","45","10.5","33","293","12.2","8.88","6.51","24.4","73.3","4","28.6","3","7","0","7.2","86.3","86.3","53.3"
"135","Jaylin Noel","HST","WR","17","2025","35","6.0","26","292","7.4","11.23","8.34","17.2","74.3","2","8.3","3","5","0","4.0","68.4","68.4","42.4"
"136","Tyler Lockett","TEN, LV","WR","17","2025","51","9.3","32","291","9.0","9.09","5.71","17.1","62.7","1","5.9","2","2","0","3.9","67.1","67.1","35.1"
"137","Kalif Raymond","DET","WR","15","2025","28","5.4","24","289","7.2","12.04","10.32","19.3","85.7","1","3.1","1","2","0","4.1","60.8","60.8","36.8"
"138","Noah Fant","CIN","TE","15","2025","39","6.7","34","288","7.6","8.47","7.38","19.2","87.2","3","9.4","2","3","3","5.2","77.8","77.8","43.8"
"139","Daniel Bellinger","NYG","TE","16","2025","26","5.3","19","286","8.1","15.05","11.00","17.9","73.1","2","10.5","1","6","0","3.7","59.6","59.6","40.6"
"140","Darren Waller","MIA","TE","9","2025","34","13.7","24","283","16.0","11.79","8.32","31.4","70.6","6","54.5","5","7","0","9.9","88.7","88.7","64.7"
"141","Tyler Higbee","LA","TE","10","2025","36","10.8","25","281","11.6","11.24","7.81","28.1","69.4","3","10.7","4","8","0","7.1","71.1","71.1","46.1"
"142","Brandin Cooks","NO, BUF","WR","15","2025","35","7.4","24","279","8.9","11.63","7.97","18.6","68.6","0","0.0","0","1","0","3.5","51.9","51.9","27.9"
"143","Demarcus Robinson","SF","WR","14","2025","35","7.6","22","276","7.9","12.55","7.89","19.7","62.9","1","3.7","1","3","0","4.2","58.2","58.2","36.2"
"144","John Metchie","PHI, NYJ","WR","16","2025","48","10.7","33","274","10.3","8.30","5.71","17.1","68.8","2","11.1","2","5","0","4.5","71.9","71.9","38.9"
"145","Malik Nabers","NYG","WR","4","2025","32","24.4","18","271","30.2","15.06","8.47","67.8","56.3","2","50.0","2","3","0","14.3","57.1","57.1","39.1"
"146","Cedric Tillman","CLV","WR","13","2025","37","8.8","21","270","10.9","12.86","7.30","20.8","56.8","2","16.7","2","4","0","4.6","60.0","60.0","39.0"
"147","Tyreek Hill","MIA","WR","4","2025","29","23.8","21","265","33.8","12.62","9.14","66.3","72.4","1","14.3","2","2","0","13.4","53.5","53.5","32.5"
"148","Austin Hooper","NE","TE","16","2025","25","5.3","21","263","6.3","12.52","10.52","16.4","84.0","2","6.7","3","5","0","3.7","59.3","59.3","38.3"
"149","Jahan Dotson","PHI","WR","17","2025","35","7.0","18","262","7.5","14.56","7.49","15.4","51.4","1","3.8","0","5","0","3.0","50.2","50.2","32.2"
"150","Luke Musgrave","GB","TE","17","2025","31","6.3","24","252","6.6","10.50","8.13","14.8","77.4","0","0.0","0","1","1","2.9","49.2","49.2","25.2"
"151","Tommy Tremble","CAR","TE","17","2025","36","7.0","27","249","7.5","9.22","6.92","14.6","75.0","2","8.3","3","5","0","3.8","63.9","63.9","36.9"
"152","Tyrell Shavers","BUF","WR","17","2025","22","4.4","15","245","6.2","16.33","11.14","14.4","68.2","1","3.4","0","0","0","2.7","45.5","45.5","30.5"
"153","Christian Kirk","HST","WR","13","2025","47","10.6","28","239","7.9","8.54","5.09","18.4","59.6","1","5.0","4","6","0","4.5","57.9","57.9","29.9"
"154","Isaac TeSlaa","DET","WR","17","2025","27","4.6","16","239","5.2","14.94","8.85","14.1","59.3","6","17.1","3","11","0","4.5","75.9","75.9","59.9"
"155","Terrance Ferguson","LA","TE","13","2025","25","5.5","11","231","6.4","21.00","9.24","17.8","44.0","3","8.3","2","3","0","4.0","52.1","52.1","41.1"
"156","Dyami Brown","JAX","WR","14","2025","37","7.9","20","227","6.8","11.35","6.14","16.2","54.1","1","3.8","3","9","0","3.6","50.7","50.7","30.7"
"157","Jaylin Lane","WAS","WR","15","2025","31","7.3","16","225","7.5","14.06","7.26","15.0","51.6","0","0.0","0","2","0","2.6","39.2","39.2","23.2"
"158","Rashod Bateman","BLT","WR","13","2025","36","10.5","19","224","8.8","11.79","6.22","17.2","52.8","2","11.1","3","8","0","4.3","55.4","55.4","36.4"
"159","Jack Bech","LV","WR","16","2025","27","5.6","20","224","7.2","11.20","8.30","14.0","74.1","0","0.0","1","3","0","2.7","42.4","42.4","22.4"
"160","Jonnu Smith","PIT","TE","17","2025","52","9.5","38","222","6.1","5.84","4.27","13.1","73.1","2","7.7","3","7","1","5.0","85.2","85.2","47.2"
"161","Kyle Williams","NE","WR","17","2025","21","4.2","10","209","4.7","20.90","9.95","12.3","47.6","3","9.7","0","0","0","2.9","49.2","49.2","39.2"
"162","Davis Allen","LA","TE","17","2025","33","5.5","24","208","4.4","8.67","6.30","12.2","72.7","3","6.5","4","7","0","3.7","62.8","62.8","38.8"
"163","Chris Moore","WAS","WR","14","2025","21","5.5","11","207","7.4","18.82","9.86","14.8","52.4","1","6.3","0","1","0","2.8","38.6","38.6","27.6"
"164","Jayden Reed","GB","WR","7","2025","22","12.4","19","207","13.6","10.89","9.41","29.6","86.4","1","10.0","0","4","0","6.9","48.5","48.5","29.5"
"165","Greg Dortch","ARZ","WR","12","2025","33","7.1","29","206","6.5","7.10","6.24","17.2","87.9","3","15.8","0","7","0","6.3","75.1","75.1","46.1"
"166","Luke McCaffrey","WAS","WR","9","2025","15","5.9","11","203","11.1","18.45","13.53","22.6","73.3","3","25.0","1","2","0","5.7","51.3","51.3","40.3"
"167","Jalen Tolbert","DAL","WR","13","2025","32","6.8","18","203","5.9","11.28","6.34","15.6","56.3","1","3.8","1","4","0","3.6","46.3","46.3","28.3"
"168","Tyler Johnson","NYJ","WR","12","2025","16","4.6","12","197","10.2","16.42","12.31","16.4","75.0","1","9.1","0","2","0","3.1","37.7","37.7","25.7"
"169","Adam Trautman","DEN","TE","17","2025","23","3.8","20","195","5.0","9.75","8.48","11.5","87.0","1","4.0","1","1","0","2.7","45.5","45.5","25.5"
"170","Isaiah Williams","NYJ","WR","15","2025","34","8.0","26","193","8.5","7.42","5.68","12.9","76.5","0","0.0","0","1","0","3.2","48.7","48.7","22.7"
"171","Tutu Atwell","LA","WR","10","2025","15","3.9","6","192","6.3","32.00","12.80","19.2","40.0","1","3.7","0","1","0","3.1","31.2","31.2","25.2"
"172","David Sills","ATL","WR","17","2025","34","6.2","18","191","5.2","10.61","5.62","11.2","52.9","2","10.5","3","6","0","2.9","49.1","49.1","31.1"
"173","Ja'Tavion Sanders","CAR","TE","13","2025","34","8.7","29","190","7.8","6.55","5.59","14.6","85.3","1","6.7","2","10","0","4.2","54.0","54.0","25.0"
"174","Tim Patrick","JAX","WR","16","2025","24","4.5","15","187","4.9","12.47","7.79","11.7","62.5","3","10.3","4","9","0","3.2","51.7","51.7","36.7"
"175","Jackson Hawes","BUF","TE","17","2025","19","3.8","16","187","4.7","11.69","9.84","11.0","84.2","3","10.3","2","3","0","3.1","52.7","52.7","36.7"
"176","Adam Thielen","MIN, PIT","WR","16","2025","34","6.5","19","186","5.4","9.79","5.47","11.6","55.9","0","0.0","1","3","0","2.5","39.6","39.6","20.6"
"177","Zay Jones","ARZ","WR","8","2025","16","5.8","12","183","9.7","15.25","11.44","22.9","75.0","0","0.0","1","2","0","3.8","30.3","30.3","18.3"
"178","Elijah Arroyo","SEA","TE","13","2025","25","7.0","15","179","5.6","11.93","7.16","13.8","60.0","1","4.5","3","5","1","2.9","37.9","37.9","22.9"
"179","Jeremy Ruckert","NYJ","TE","17","2025","28","5.7","23","179","6.4","7.78","6.39","10.5","82.1","1","6.7","2","3","0","2.8","46.9","46.9","23.9"
"180","Noah Gray","KC","TE","16","2025","33","6.0","21","178","4.8","8.48","5.39","11.1","63.6","0","0.0","1","2","0","2.4","38.8","38.8","17.8"
"181","Jalen McMillan","TB","WR","4","2025","15","11.9","12","178","18.3","14.83","11.87","44.5","80.0","0","0.0","0","1","0","7.5","29.9","29.9","17.9"
"182","Mitchell Evans","CAR","TE","17","2025","22","4.3","19","171","5.2","9.00","7.77","10.1","86.4","2","8.3","3","3","0","2.8","48.2","48.2","29.2"
"183","Jordan Whittington","LA","WR","17","2025","24","4.0","18","171","3.6","9.50","7.13","10.1","75.0","0","0.0","0","1","0","2.1","36.3","36.3","18.3"
"184","Tanner Hudson","CIN","TE","13","2025","24","4.8","19","168","5.0","8.84","7.00","12.9","79.2","2","7.1","4","6","0","3.7","47.8","47.8","28.8"
"185","Roman Wilson","PIT","WR","13","2025","20","5.0","12","166","6.5","13.83","8.30","12.8","60.0","2","9.5","1","1","1","3.0","39.6","39.6","27.6"
"186","Tory Horton","SEA","WR","8","2025","22","10.0","13","161","7.7","12.38","7.32","20.1","59.1","5","31.3","3","4","0","7.4","59.1","59.1","46.1"
"187","Josh Oliver","MIN","TE","15","2025","18","4.3","15","160","5.7","10.67","8.89","10.7","83.3","4","26.7","2","5","0","3.7","55.0","55.0","40.0"
"188","Brycen Tremayne","CAR","WR","16","2025","17","3.5","14","160","5.0","11.43","9.41","10.0","82.4","0","0.0","0","1","1","1.9","30.0","30.0","16.0"
"189","Lil'Jordan Humphrey","NYG, DEN","WR","10","2025","23","6.6","13","156","6.3","12.00","6.78","15.6","56.5","1","8.3","3","4","0","3.5","34.6","34.6","21.6"
"190","Gunner Olszewski","NYG","WR","16","2025","13","2.7","10","145","4.2","14.50","11.15","9.1","76.9","1","5.3","0","2","0","2.2","35.8","35.8","25.8"
"191","Charlie Kolar","BLT","TE","17","2025","12","2.8","10","142","4.3","14.20","11.83","8.4","83.3","2","8.7","2","2","0","2.1","36.2","36.2","26.2"
"192","Julian Hill","MIA","TE","14","2025","20","5.1","15","140","5.2","9.33","7.00","10.0","75.0","0","0.0","0","3","0","2.2","31.0","31.0","16.0"
"193","Kevin Austin","NO","WR","8","2025","23","8.0","13","140","6.8","10.77","6.09","17.5","56.5","1","11.1","1","2","0","4.1","33.0","33.0","20.0"
"194","Theo Wease","MIA","WR","3","2025","10","13.0","6","139","24.4","23.17","13.90","46.3","60.0","1","33.3","0","1","0","8.6","25.9","25.9","19.9"
"195","Devontez Walker","BLT","WR","11","2025","8","3.1","6","136","6.3","22.67","17.00","12.4","75.0","3","21.4","1","1","0","3.4","37.6","37.6","31.6"
"196","Dont'e Thornton","LV","WR","15","2025","30","6.8","10","135","4.8","13.50","4.50","9.0","33.3","0","0.0","0","2","0","1.6","23.5","23.5","13.5"
"197","Luke Schoonmaker","DAL","TE","17","2025","23","3.7","14","132","2.8","9.43","5.74","7.8","60.9","0","0.0","0","2","0","1.6","27.2","27.2","13.2"
"198","Treylon Burks","WAS","WR","8","2025","23","11.2","10","130","9.0","13.00","5.65","16.3","43.5","1","16.7","4","5","0","3.6","29.0","29.0","19.0"
"199","Gabe Davis","BUF","WR","6","2025","18","10.1","12","129","8.8","10.75","7.17","21.5","66.7","1","9.1","6","6","0","5.2","30.9","30.9","18.9"
"200","Dante Pettis","NO","WR","8","2025","11","4.0","9","127","6.0","14.11","11.55","15.9","81.8","0","0.0","0","0","1","2.6","20.7","20.7","11.7"
"201","Marquez Valdes-Scantling","PIT, SF","WR","10","2025","29","7.4","14","120","4.3","8.57","4.14","12.0","48.3","1","7.7","3","5","1","3.2","32.0","32.0","18.0"
"202","Mo Alie-Cox","IND","TE","17","2025","19","3.5","13","117","2.9","9.00","6.16","6.9","68.4","1","4.0","2","6","0","1.8","30.7","30.7","17.7"
"203","Mitchell Tinsley","CIN","WR","17","2025","24","3.8","8","116","2.7","14.50","4.83","6.8","33.3","2","5.6","1","5","0","1.9","31.6","31.6","23.6"
"204","Isaiah Hodgins","NYG","WR","7","2025","17","8.4","10","115","7.9","11.50","6.76","16.4","58.8","1","12.5","1","3","0","3.9","27.5","27.5","17.5"
"205","Ian Thomas","LV","TE","15","2025","13","2.8","13","114","3.7","8.77","8.77","7.6","100.0","0","0.0","0","0","0","1.6","24.4","24.4","11.4"
"206","Ben Sinnott","WAS","TE","16","2025","13","3.0","11","114","3.7","10.36","8.77","7.1","84.6","1","5.6","1","1","0","1.8","28.4","28.4","17.4"
"207","Elijah Moore","BUF","WR","9","2025","17","6.3","9","112","5.1","12.44","6.59","12.4","52.9","0","0.0","0","0","0","3.2","28.6","28.6","19.6"
"208","Johnny Mundt","JAX","TE","16","2025","18","3.4","9","111","2.9","12.33","6.17","6.9","50.0","0","0.0","0","0","0","1.3","20.1","20.1","11.1"
"209","Brock Wright","DET","TE","11","2025","18","5.1","14","108","3.9","7.71","6.00","9.8","77.8","2","8.3","2","2","0","3.3","36.8","36.8","22.8"
"210","Jimmy Horn","CAR","WR","13","2025","14","3.8","11","108","4.3","9.82","7.71","8.3","78.6","0","0.0","0","2","0","2.2","28.7","28.7","17.7"
"211","Jamari Thrash","CLV","WR","9","2025","14","4.2","10","107","6.4","10.70","7.64","11.9","71.4","0","0.0","0","1","0","2.3","20.7","20.7","10.7"
"212","Bo Melton","GB","WR","9","2025","12","5.0","4","107","6.0","26.75","8.92","11.9","33.3","1","7.7","0","0","0","2.7","23.9","23.9","19.9"
"213","Drew Sample","CIN","TE","17","2025","17","2.7","15","106","2.5","7.07","6.24","6.2","88.2","1","2.8","1","1","0","1.9","31.9","31.9","16.9"
"214","Ashton Dulin","IND","WR","12","2025","10","2.6","5","106","3.5","21.20","10.60","8.8","50.0","0","0.0","0","1","0","1.7","20.0","20.0","15.0"
"215","John Bates","WAS","TE","15","2025","15","3.6","11","103","3.5","9.36","6.87","6.9","73.3","1","6.3","1","1","0","1.8","27.3","27.3","16.3"
"216","Josh Reynolds","NYJ","WR","5","2025","21","14.4","11","101","10.7","9.18","4.81","20.2","52.4","0","0.0","1","1","0","4.6","23.1","23.1","12.1"
"217","Tyler Conklin","LAC","TE","10","2025","10","2.9","7","101","4.4","14.43","10.10","10.1","70.0","0","0.0","0","0","1","1.7","17.3","17.3","10.3"
"218","Will Dissly","LAC","TE","9","2025","15","4.8","11","97","4.3","8.82","6.47","10.8","73.3","0","0.0","0","1","0","2.3","20.7","20.7","9.7"
"219","Casey Washington","ATL","WR","7","2025","14","6.2","6","94","5.6","15.67","6.71","13.4","42.9","0","0.0","0","0","0","2.2","15.4","15.4","9.4"
"220","Darius Cooper","PHI","WR","13","2025","11","2.9","9","92","3.7","10.22","8.36","7.1","81.8","0","0.0","0","0","0","1.4","18.2","18.2","9.2"
"221","Konata Mumpfield","LA","WR","17","2025","22","3.7","10","92","2.0","9.20","4.18","5.4","45.5","1","2.2","1","4","0","1.5","25.2","25.2","15.2"
"222","Taysom Hill","NO","TE","13","2025","16","3.6","11","91","2.8","8.27","5.69","7.0","68.8","0","0.0","0","0","0","3.3","42.8","42.8","31.8"
"223","Tanner Conner","MIA","TE","9","2025","15","5.2","9","91","4.9","10.11","6.07","10.1","60.0","0","0.0","1","3","0","2.0","18.1","18.1","9.1"
"224","Cody White","SEA","WR","9","2025","4","1.6","3","90","4.3","30.00","22.50","10.0","75.0","1","8.3","0","0","0","2.0","18.0","18.0","15.0"
"225","Brevyn Spann-Ford","DAL","TE","17","2025","13","2.1","9","90","1.9","10.00","6.92","5.3","69.2","1","3.2","2","2","0","1.4","24.0","24.0","15.0"
"226","Nick Westbrook-Ikhine","MIA","WR","15","2025","18","4.2","11","89","3.1","8.09","4.94","5.9","61.1","0","0.0","1","2","0","1.3","19.9","19.9","8.9"
"227","Hunter Renfrow","CAR","WR","6","2025","23","11.2","15","89","7.4","5.93","3.87","14.8","65.2","2","18.2","3","6","0","6.0","35.9","35.9","20.9"
"228","Skyy Moore","SF","WR","17","2025","7","1.2","5","87","2.0","17.40","12.43","5.1","71.4","0","0.0","0","0","0","0.9","14.8","14.8","9.8"
"229","Jahdae Walker","CHI","WR","7","2025","10","3.9","6","87","4.9","14.50","8.70","12.4","60.0","2","15.4","2","2","0","3.8","26.7","26.7","20.7"
"230","Malik Heath","GB","WR","11","2025","7","2.1","6","86","3.3","14.33","12.29","7.8","85.7","0","0.0","0","0","0","1.3","14.6","14.6","8.6"
"231","Luke Farrell","SF","TE","17","2025","12","2.1","11","85","2.0","7.73","7.08","5.0","91.7","2","6.1","2","4","1","1.8","30.5","30.5","19.5"
"232","Hunter Long","JAX","TE","9","2025","16","4.9","12","85","4.1","7.08","5.31","9.4","75.0","2","18.2","3","4","1","3.6","32.5","32.5","20.5"
"233","Noah Brown","WAS","WR","4","2025","10","8.7","5","83","11.0","16.60","8.30","20.8","50.0","0","0.0","0","2","0","3.3","13.3","13.3","8.3"
"234","Curtis Samuel","BUF","WR","6","2025","8","4.7","7","81","5.2","11.57","10.13","13.5","87.5","1","9.1","1","1","0","3.5","21.1","21.1","14.1"
"235","Malachi Corley","CLV","WR","13","2025","12","3.0","11","79","3.4","7.18","6.58","6.1","91.7","0","0.0","1","1","0","2.4","31.6","31.6","20.6"
"236","Savion Williams","GB","WR","12","2025","10","2.8","10","78","2.8","7.80","7.80","6.5","100.0","1","5.9","1","4","0","2.2","26.5","26.5","16.5"
"237","Grant Calcaterra","PHI","TE","15","2025","13","2.9","9","76","2.6","8.44","5.85","5.1","69.2","1","4.5","1","3","0","1.5","22.6","22.6","13.6"
"238","Mason Tipton","NO","WR","13","2025","17","3.8","11","76","2.5","6.91","4.47","5.8","64.7","0","0.0","0","2","0","1.6","20.4","20.4","9.4"
"239","Cade Stover","HST","TE","9","2025","16","5.6","12","76","3.8","6.33","4.75","8.4","75.0","0","0.0","2","3","0","2.2","19.9","19.9","7.9"
"240","Efton Chism","NE","WR","8","2025","3","1.4","3","75","3.6","25.00","25.00","9.4","100.0","1","5.6","1","1","0","2.1","16.5","16.5","13.5"
"241","John FitzPatrick","GB","TE","15","2025","15","3.3","12","72","2.0","6.00","4.80","4.8","80.0","1","4.0","3","4","0","1.7","25.2","25.2","13.2"
"242","Gage Larvadain","CLV","WR","13","2025","13","3.3","7","71","3.1","10.14","5.46","5.5","53.8","0","0.0","0","0","0","1.1","14.4","14.4","7.4"
"243","Allen Lazard","NYJ","WR","10","2025","18","5.5","10","70","3.6","7.00","3.89","7.0","55.6","1","9.1","4","6","0","2.3","23.0","23.0","13.0"
"244","Ray-Ray McCloud","ATL, NYG","WR","6","2025","13","6.5","7","69","4.8","9.86","5.31","11.5","53.8","0","0.0","0","1","0","2.3","13.9","13.9","6.9"
"245","Ben Skowronek","PIT","WR","16","2025","6","1.2","4","69","2.0","17.25","11.50","4.3","66.7","1","3.8","0","1","0","1.1","16.9","16.9","12.9"
"246","Xavier Weaver","ARZ","WR","9","2025","13","3.7","7","67","2.7","9.57","5.15","7.4","53.8","0","0.0","0","3","0","1.5","13.7","13.7","6.7"
"247","James Proche","TEN","WR","9","2025","10","3.4","6","65","3.8","10.83","6.50","7.2","60.0","0","0.0","0","0","0","1.4","12.5","12.5","6.5"
"248","Kameron Johnson","TB","WR","17","2025","7","1.3","4","64","1.7","16.00","9.14","3.8","57.1","1","3.8","0","0","0","1.0","17.7","17.7","13.7"
"249","Dee Eskridge","MIA","WR","13","2025","6","1.5","4","62","2.3","15.50","10.33","4.8","66.7","0","0.0","0","0","0","0.8","10.2","10.2","6.2"
"250","Scott Miller","PIT","WR","13","2025","12","2.8","9","62","2.1","6.89","5.17","4.8","75.0","0","0.0","0","2","0","1.2","15.2","15.2","6.2"
"251","Foster Moreau","NO","TE","11","2025","10","2.6","7","59","2.2","8.43","5.90","5.4","70.0","0","0.0","0","1","0","1.2","12.9","12.9","5.9"
"252","Shedrick Jackson","LV","WR","5","2025","5","3.8","4","56","8.6","14.00","11.20","11.2","80.0","1","33.3","0","0","0","3.2","15.9","15.9","11.9"
"253","Quintin Morris","JAX","TE","13","2025","7","1.7","6","55","1.8","9.17","7.86","4.2","85.7","1","3.7","1","1","0","1.3","17.5","17.5","11.5"
"254","Robbie Chosen","WAS","WR","3","2025","9","10.7","5","53","8.2","10.60","5.89","17.7","55.6","0","0.0","0","0","0","3.4","10.3","10.3","5.3"
"255","Anthony Firkser","DET","TE","7","2025","8","3.0","8","53","2.6","6.63","6.63","7.6","100.0","0","0.0","0","3","0","1.9","13.3","13.3","5.3"
"256","Stone Smartt","NYJ","TE","8","2025","9","4.1","7","52","5.1","7.43","5.78","6.5","77.8","0","0.0","0","0","0","1.5","12.2","12.2","5.2"
"257","Arian Smith","NYJ","WR","16","2025","15","3.3","7","52","2.0","7.43","3.47","3.3","46.7","0","0.0","0","0","0","0.8","13.5","13.5","6.5"
"258","KeAndre Lambert-Smith","LAC","WR","10","2025","12","3.6","5","51","2.2","10.20","4.25","5.1","41.7","1","6.7","0","2","0","1.6","16.1","16.1","11.1"
"259","Jalen Brooks","DAL, ARZ","WR","6","2025","6","2.8","3","51","3.5","17.00","8.50","8.5","50.0","0","0.0","0","0","0","1.4","8.1","8.1","5.1"
"260","Michael Bandy","DEN","WR","4","2025","4","2.9","4","50","6.2","12.50","12.50","12.5","100.0","1","12.5","0","1","0","3.8","15.0","15.0","11.0"
"261","Brenden Bates","CLV, HST","TE","9","2025","5","1.9","4","48","2.9","12.00","9.60","5.3","80.0","0","0.0","1","1","0","1.0","8.8","8.8","4.8"
"262","Charlie Woerner","ATL","TE","17","2025","8","1.5","8","48","1.3","6.00","6.00","2.8","100.0","0","0.0","0","1","0","0.8","12.8","12.8","4.8"
"263","Dareke Young","SEA","WR","9","2025","3","1.2","2","48","2.1","24.00","16.00","5.3","66.7","0","0.0","0","0","0","0.8","6.8","6.8","4.8"
"264","Mason Kinsey","TEN","WR","10","2025","4","1.2","2","48","2.4","24.00","12.00","4.8","50.0","0","0.0","0","0","0","0.7","6.8","6.8","4.8"
"265","Nate Adkins","DEN","TE","9","2025","10","3.1","6","48","2.2","8.00","4.80","5.3","60.0","1","6.3","1","2","0","1.9","16.8","16.8","10.8"
"266","Austin Trammell","JAX","WR","6","2025","9","5.4","3","46","3.6","15.33","5.11","7.7","33.3","0","0.0","0","1","0","1.3","7.6","7.6","4.6"
"267","Jack Stoll","NO","TE","15","2025","10","1.9","6","46","1.3","7.67","4.60","3.1","60.0","1","6.3","0","1","0","1.1","16.6","16.6","10.6"
"268","Tylan Wallace","BLT","WR","14","2025","8","2.3","4","45","1.6","11.25","5.63","3.2","50.0","1","4.5","1","2","0","1.0","14.5","14.5","10.5"
"269","Cedrick Wilson","MIA","WR","10","2025","9","3.5","5","44","2.3","8.80","4.89","4.4","55.6","0","0.0","2","3","0","0.9","9.4","9.4","4.4"
"270","Dylan Drummond","ATL","WR","9","2025","11","3.9","7","42","2.3","6.00","3.82","4.7","63.6","0","0.0","1","3","0","1.2","11.2","11.2","4.2"
"271","Xavier Restrepo","TEN","WR","2","2025","6","7.5","3","41","10.3","13.67","6.83","20.5","50.0","0","0.0","0","1","0","3.6","7.1","7.1","4.1"
"272","Kylen Granson","PHI","TE","17","2025","9","1.8","7","40","1.1","5.71","4.44","2.4","77.8","0","0.0","0","1","0","0.6","11.0","11.0","4.0"
"273","Braxton Berrios","HST","WR","4","2025","8","4.6","6","37","3.5","6.17","4.63","9.3","75.0","0","0.0","0","2","0","2.4","9.7","9.7","3.7"
"274","Tahj Washington","MIA","WR","6","2025","5","3.0","3","37","3.2","12.33","7.40","6.2","60.0","0","0.0","0","1","1","1.0","5.7","5.7","2.7"
"275","Albert Okwuegbunam","LV","TE","1","2025","6","16.7","5","36","15.8","7.20","6.00","36.0","83.3","0","0.0","0","1","0","8.6","8.6","8.6","3.6"
"276","Josh Whyle","GB","TE","8","2025","6","2.8","5","36","2.3","7.20","6.00","4.5","83.3","1","8.3","1","1","0","1.8","14.6","14.6","9.6"
"277","Tom Kennedy","DET","WR","6","2025","4","1.8","4","36","2.0","9.00","9.00","6.0","100.0","0","0.0","0","0","0","1.3","7.6","7.6","3.6"
"278","Keleki Latu","BUF","TE","5","2025","4","2.6","4","35","2.9","8.75","8.75","7.0","100.0","0","0.0","0","0","0","1.5","7.5","7.5","3.5"
"279","Jalin Hyatt","NYG","WR","8","2025","14","5.6","5","35","2.2","7.00","2.50","4.4","35.7","0","0.0","0","1","0","1.1","8.5","8.5","3.5"
"280","Ryan Miller","TB","WR","13","2025","4","0.9","2","34","1.2","17.00","8.50","2.6","50.0","1","5.0","0","1","0","0.9","11.4","11.4","9.4"
"281","Eric Saubert","SEA","TE","11","2025","5","1.6","4","31","1.2","7.75","6.20","2.8","80.0","0","0.0","0","3","0","0.8","9.1","9.1","5.1"
"282","KhaDarel Hodge","ATL","WR","11","2025","10","2.7","3","31","1.2","10.33","3.10","2.8","30.0","0","0.0","0","0","0","0.6","6.1","6.1","3.1"
"283","David Martin-Robinson","TEN","TE","15","2025","5","1.0","4","30","1.0","7.50","6.00","2.0","80.0","1","7.1","1","1","0","0.9","13.0","13.0","9.0"
"284","Justin Watson","HST","WR","3","2025","4","4.8","3","30","5.0","10.00","7.50","10.0","75.0","0","0.0","0","2","0","2.0","6.0","6.0","3.0"
"285","Ben Sims","GB, MIN","TE","9","2025","6","2.6","3","30","1.9","10.00","5.00","3.3","50.0","0","0.0","0","1","0","0.7","6.0","6.0","3.0"
"286","James Mitchell","CAR","TE","5","2025","3","2.1","3","28","2.6","9.33","9.33","5.6","100.0","0","0.0","0","0","0","1.2","5.8","5.8","2.8"
"287","Deven Thompkins","ATL","WR","7","2025","3","1.3","3","27","1.8","9.00","9.00","3.9","100.0","0","0.0","0","0","0","0.9","6.2","6.2","3.2"
"288","Andrew Ogletree","IND","TE","15","2025","6","1.2","4","27","0.7","6.75","4.50","1.8","66.7","1","4.5","1","2","0","0.8","12.7","12.7","8.7"
"289","Jordan Watkins","SF","WR","4","2025","3","2.3","2","26","2.5","13.00","8.67","6.5","66.7","0","0.0","0","0","0","1.2","4.6","4.6","2.6"
"290","Devin Duvernay","CHI","WR","17","2025","5","0.9","2","26","0.7","13.00","5.20","1.5","40.0","0","0.0","1","1","0","0.3","4.6","4.6","2.6"
"291","Jonathan Mingo","DAL","WR","6","2025","4","1.9","1","25","1.4","25.00","6.25","4.2","25.0","0","0.0","0","0","0","0.6","3.5","3.5","2.5"
"292","Beaux Collins","NYG","WR","9","2025","6","2.1","2","25","1.3","12.50","4.17","2.8","33.3","0","0.0","1","1","0","0.5","4.5","4.5","2.5"
"293","Tai Felton","MIN","WR","14","2025","3","0.7","3","25","0.9","8.33","8.33","1.8","100.0","0","0.0","0","0","0","0.4","5.5","5.5","2.5"
"294","Durham Smythe","CHI","TE","17","2025","6","1.0","4","25","0.6","6.25","4.17","1.5","66.7","0","0.0","0","0","0","0.4","6.5","6.5","2.5"
"295","Jacoby Jones","WAS","WR","1","2025","1","3.3","1","25","11.7","25.00","25.00","25.0","100.0","0","0.0","0","0","0","3.5","3.5","3.5","2.5"
"296","Ronnie Bell","NO","WR","2","2025","4","6.5","2","23","3.9","11.50","5.75","11.5","50.0","1","33.3","0","2","0","5.2","10.3","10.3","8.3"
"297","Tay Martin","WAS","WR","3","2025","2","2.5","2","23","3.8","11.50","11.50","7.7","100.0","0","0.0","0","0","0","1.4","4.3","4.3","2.3"
"298","Nikko Remigio","KC","WR","14","2025","1","0.2","1","21","0.6","21.00","21.00","1.5","100.0","0","0.0","0","0","0","0.3","4.2","4.2","3.2"
"299","Trent Sherfield","DEN, ARZ","WR","12","2025","5","1.2","3","21","0.8","7.00","4.20","1.8","60.0","0","0.0","0","2","0","0.4","5.1","5.1","2.1"
"300","Josiah Deguara","ARZ","TE","12","2025","4","0.9","3","21","0.6","7.00","5.25","1.8","75.0","1","4.5","1","1","0","0.9","11.1","11.1","8.1"
"301","Connor Heyward","PIT","TE","16","2025","4","0.8","3","21","0.6","7.00","5.25","1.3","75.0","1","3.8","1","2","0","1.7","27.4","27.4","24.4"
"302","Jake Bobo","SEA","WR","11","2025","2","0.6","2","20","0.7","10.00","10.00","1.8","100.0","0","0.0","0","0","0","0.4","4.0","4.0","2.0"
"303","Jared Wayne","HST","WR","1","2025","2","5.1","2","20","6.3","10.00","10.00","20.0","100.0","0","0.0","0","0","0","4.0","4.0","4.0","2.0"
"304","Britain Covey","PHI","WR","6","2025","4","2.1","2","20","1.6","10.00","5.00","3.3","50.0","0","0.0","0","0","0","0.7","4.0","4.0","2.0"
"305","Shane Zylstra","DET","TE","5","2025","5","2.4","3","20","1.4","6.67","4.00","4.0","60.0","0","0.0","1","1","0","1.0","5.0","5.0","2.0"
"306","Tucker Fisk","LAC","TE","10","2025","3","0.9","2","19","0.8","9.50","6.33","1.9","66.7","0","0.0","0","0","0","0.4","3.9","3.9","1.9"
"307","Colson Yankoff","WAS","TE","14","2025","3","0.8","2","18","0.6","9.00","6.00","1.3","66.7","0","0.0","0","0","0","0.3","3.8","3.8","1.8"
"308","Tip Reiman","ARZ","TE","4","2025","5","3.6","3","18","2.4","6.00","3.60","4.5","60.0","0","0.0","0","0","0","1.2","4.8","4.8","1.8"
"309","Zaire Mitchell-Paden","NO, BLT","TE","8","2025","3","1.3","2","17","1.0","8.50","5.67","2.1","66.7","0","0.0","1","1","0","0.5","3.7","3.7","1.7"
"310","Will Mallory","IND","TE","2","2025","1","1.6","1","16","4.3","16.00","16.00","8.0","100.0","0","0.0","0","0","0","1.3","2.6","2.6","1.6"
"311","Lucas Krull","DEN","TE","3","2025","4","4.2","2","15","2.8","7.50","3.75","5.0","50.0","0","0.0","0","0","0","1.2","3.5","3.5","1.5"
"312","Tim Jones","MIN, JAX","WR","4","2025","1","1.0","1","15","2.2","15.00","15.00","3.8","100.0","0","0.0","0","0","0","0.6","2.5","2.5","1.5"
"313","Jakobie Keeney-James","GB","WR","1","2025","2","18.2","2","15","44.1","7.50","7.50","15.0","100.0","0","0.0","0","0","0","3.5","3.5","3.5","1.5"
"314","Ben Yurosek","MIN","TE","12","2025","3","0.9","2","14","0.6","7.00","4.67","1.2","66.7","0","0.0","0","0","0","0.3","3.4","3.4","1.4"
"315","Alex Bachman","LV","WR","13","2025","3","0.8","2","12","0.4","6.00","4.00","0.9","66.7","0","0.0","0","0","0","0.2","3.2","3.2","1.2"
"316","Sal Cannella","CLV","TE","2","2025","4","8.9","2","11","3.7","5.50","2.75","5.5","50.0","0","0.0","0","0","0","1.6","3.1","3.1","1.1"
"317","Payne Durham","TB","TE","17","2025","4","0.7","1","11","0.3","11.00","2.75","0.6","25.0","0","0.0","0","1","0","0.1","2.1","2.1","1.1"
"318","Moliki Matavao","NO","TE","6","2025","2","0.9","2","10","0.7","5.00","5.00","1.7","100.0","0","0.0","0","0","0","0.5","3.0","3.0","1.0"
"319","Quentin Skinner","NYJ","WR","1","2025","1","4.5","1","10","16.7","10.00","10.00","10.0","100.0","0","0.0","0","0","0","4.0","4.0","4.0","3.0"
"320","Derius Davis","LAC","WR","11","2025","3","0.8","2","10","0.4","5.00","3.33","0.9","66.7","0","0.0","0","0","0","0.3","3.5","3.5","1.5"
"321","Bryce Oliver","TEN","WR","3","2025","1","1.1","1","8","1.9","8.00","8.00","2.7","100.0","0","0.0","0","0","0","0.6","1.8","1.8","0.8"
"322","Andre Baccellia","ARZ","WR","5","2025","4","1.7","2","8","0.5","4.00","2.00","1.6","50.0","0","0.0","0","2","0","0.6","2.8","2.8","0.8"
"323","Harrison Bryant","HST","TE","12","2025","6","1.4","2","7","0.2","3.50","1.17","0.6","33.3","0","0.0","0","0","0","0.2","2.7","2.7","0.7"
"324","Ross Dwelley","DET","TE","10","2025","4","1.3","2","7","0.3","3.50","1.75","0.7","50.0","0","0.0","1","2","0","0.3","2.7","2.7","0.7"
"325","Cam Grandy","CIN","TE","5","2025","2","1.2","2","7","0.6","3.50","3.50","1.4","100.0","0","0.0","0","0","1","0.5","2.7","2.7","0.7"
"326","Chris Manhertz","NYG","TE","17","2025","2","0.4","1","7","0.2","7.00","3.50","0.4","50.0","0","0.0","0","1","0","0.1","1.7","1.7","0.7"
"327","Xavier Gipson","NYJ, PHI","WR","6","2025","2","1.3","2","6","0.5","3.00","3.00","1.0","100.0","0","0.0","0","1","0","0.4","2.6","2.6","0.6"
"328","Devin Culp","TB","TE","11","2025","1","0.3","1","6","0.2","6.00","6.00","0.5","100.0","1","6.3","1","1","0","0.7","7.6","7.6","6.6"
"329","Anthony Gould","IND","WR","11","2025","2","0.6","2","6","0.2","3.00","3.00","0.5","100.0","0","0.0","0","0","0","0.2","2.6","2.6","0.6"
"330","David Moore","CAR","WR","4","2025","1","0.7","1","5","0.6","5.00","5.00","1.3","100.0","0","0.0","0","0","0","0.7","2.7","2.7","1.7"
"331","Ke'Shawn Williams","PIT, CIN","WR","11","2025","1","0.3","1","5","0.2","5.00","5.00","0.5","100.0","0","0.0","0","0","0","0.2","2.5","2.5","1.5"
"332","Jared Wiley","KC","TE","4","2025","1","0.9","1","4","0.7","4.00","4.00","1.0","100.0","0","0.0","0","0","0","0.4","1.4","1.4","0.4"
"333","Blake Whiteheart","CLV","TE","16","2025","6","1.1","2","4","0.1","2.00","0.67","0.3","33.3","0","0.0","0","0","1","0.2","2.4","2.4","0.4"
"334","Jelani Woods","NYJ","TE","4","2025","2","1.5","1","4","0.5","4.00","2.00","1.0","50.0","0","0.0","0","0","0","0.4","1.4","1.4","0.4"
"335","Jalen Royals","KC","WR","7","2025","3","1.4","2","4","0.3","2.00","1.33","0.6","66.7","0","0.0","0","0","0","0.3","2.4","2.4","0.4"
"336","Drake Dabney","GB","TE","2","2025","2","5.6","1","3","0.9","3.00","1.50","1.5","50.0","0","0.0","1","1","0","0.7","1.3","1.3","0.3"
"337","Carter Runyon","LV","TE","10","2025","1","0.3","1","3","0.2","3.00","3.00","0.3","100.0","0","0.0","0","0","0","0.1","1.3","1.3","0.3"
"338","Samori Toure","NO","WR","1","2025","3","8.6","1","3","1.2","3.00","1.00","3.0","33.3","0","0.0","0","1","0","1.3","1.3","1.3","0.3"
"339","Pharaoh Brown","ARZ","TE","7","2025","2","0.7","2","1","0.0","0.50","0.50","0.1","100.0","0","0.0","1","1","0","0.3","2.1","2.1","0.1"
"340","Robert Tonyan","KC","TE","16","2025","1","0.2","1","1","0.0","1.00","1.00","0.1","100.0","0","0.0","0","0","0","0.1","1.1","1.1","0.1"
"341","Giovanni Ricci","DET","TE","3","2025","1","0.8","0","0","0.0","","0.00","0.0","","0","0.0","1","1","0","","0.0","0.0","0.0"
"342","Nick Kallerup","SEA","TE","9","2025","1","0.4","0","0","0.0","","0.00","0.0","","0","0.0","1","1","0","","0.0","0.0","0.0"
"343","Steven Sims","ARZ","WR","3","2025","1","1.0","0","0","0.0","","0.00","0.0","","0","0.0","0","0","0","","0.0","0.0","0.0"
"344","Jason Brownlee","KC","WR","6","2025","1","0.5","0","0","0.0","","0.00","0.0","","0","0.0","1","1","0","","0.0","0.0","0.0"
"345","Coleman Owen","IND","WR","2","2025","1","1.6","0","0","0.0","","0.00","0.0","","0","0.0","0","0","0","","0.0","0.0","0.0"
"346","Mecole Hardman","BUF","WR","2","2025","1","2.0","0","0","0.0","","0.00","0.0","","0","0.0","0","0","0","","0.0","0.0","0.0"
"347","Brayden Willis","SF","TE","6","2025","1","0.4","0","0","0.0","","0.00","0.0","","0","0.0","0","0","0","","0.0","0.0","0.0"
"348","Charlie Jones","CIN","WR","14","2025","1","0.2","0","0","0.0","","0.00","0.0","","0","0.0","0","0","0","","0.0","0.0","0.0"

"Rank","Rank, Most to Least"
"Name","Full name of the player or team"
"Team","Team(s) played for"
"POS","Player Position"
"G","Games Played"
"TGT","Targets"
"TGT %","Team Target Share"
"REC","Receptions"
"YDS","Receiving Yards"
"TM YDS %","Receiving Yards Market Share"
"YPR","Yards per Reception"
"YPT","Yards per Target"
"RecYDS/G","Receiving Yards per Game"
"CR %","Catch Rate"
"TD","Receiving Touchdowns"
"TM TD %","Receiving Touchdown Market Share"
"i10","Inside the 10 targets"
"i20 TGT","Inside the 20 targets"
"FUM","Receiving Fumbles"
"FP/G","Fantasy Points per Game"
"FP","Fantasy Points"